users,tp_opA,tp_opB,tp_URLLC,tp_eMBB,tp_mMTC,avg_lat,vio_rate,cpu_util,mem_vio
140,6761.36,8956.64,135.68,3110.0,12472.32,230.9256283519241,0.014619883040935672,0.07545784,0.0
500,29249.2,26379.28,453.12,11000.0,44175.36,558.8829561216107,0.4364441982830241,0.26705688,0.0
1000,43428.72,46163.2,939.52,19430.0,69222.4,3979.5087252267926,0.6899455175829619,0.4301070399999999,0.0319677734375
2000,67639.28,71278.0,1623.04,30020.0,107274.24,4974.185623972963,0.6813209928481279,0.6669070399999998,0.479150390625
