users,tp_opA,tp_opB,tp_URLLC,tp_eMBB,tp_mMTC,avg_lat,vio_rate,cpu_util,mem_vio
140,7178.48,6849.68,262.4,3280.0,10485.76,195.02691717464396,0.004784688995215311,0.06734664,0.0
500,25781.92,25106.48,966.4,11010.0,38912.0,518.3511237034744,0.40947816826411076,0.2443068,0.0
1000,38467.2,44621.04,1861.12,19910.0,61317.12,2827.5611592794203,0.6779002950768753,0.3988947199999999,0.0083212890625
2000,59589.68,61487.2,3544.32,29530.0,88002.56,4890.72360874757,0.6871943307715341,0.5812820799999998,0.4281396484375
