users,tp_opA,tp_opB,tp_URLLC,tp_eMBB,tp_mMTC,avg_lat,vio_rate,cpu_util,mem_vio
140,3330.8,3145.8,25.6,1075.0,5376.0,24.090030611213223,0.0,0.00310922,0.0
500,9163.0,10585.0,124.8,3700.0,15923.2,22.89714747388816,0.0,0.009480440000000003,0.0
1000,18063.8,21596.8,329.6,7075.0,32256.0,22.43373379700437,0.0,0.019040019999999998,0.0
2000,35229.6,41466.4,595.2,14200.0,61900.8,22.546877990364745,0.0,0.03681966,0.0
