users,tp_opA,tp_opB,tp_URLLC,tp_eMBB,tp_mMTC,avg_lat,vio_rate,cpu_util,mem_vio
140,9439.52,7130.88,157.44,3060.0,13352.96,241.40816477957026,0.02682701202590194,0.07955032000000001,0.0
500,28768.16,28592.08,468.48,11590.0,45301.76,880.5205379064151,0.5392025689055392,0.27537039999999996,0.0
1000,42478.4,45725.36,981.76,20150.0,67072.0,4146.030650294605,0.6973749380881624,0.4234427199999999,0.04782812499999999
2000,64549.68,72750.64,1888.0,33340.0,102072.32,4777.388577165411,0.8080261411212091,0.6591448799999998,0.45829296875000003
